{
    "silhoutteScores": [
        0.8333883689098767
    ],
    "dbIndexes": [
        6.469391434318261
    ],
    "elbows": [
        37916.5699430541
    ],
    "dunnScores": [
        0.1167894460990897
    ]
}