{
    "silhoutteScores": [
        0.27587740740483385
    ],
    "dbIndexes": [
        7.282767865690005
    ],
    "elbows": [
        42782.65107297156
    ],
    "dunnScores": [
        0.534132146144889
    ]
}