{
    "silhoutteScores": [
        0.43592037202988276
    ],
    "dbIndexes": [
        3.2322563299179072
    ],
    "elbows": [
        32596.774375518915
    ],
    "dunnScores": [
        0.33249354914000956
    ]
}