{
    "silhoutteScores": [
        0.27410314782913836,
        0.3300295604140527,
        0.3629343211970188,
        0.4491862294406944,
        0.4856382082230349,
        0.28837606912261693,
        0.5710804136867148,
        0.6541069050512783
    ],
    "dbIndexes": [
        121.4148536806137,
        118.15338190271146,
        115.1107918822531,
        84.24798475933359,
        74.17604561591259,
        133.2518013958515,
        70.23413193442813,
        54.96567362087681
    ],
    "elbows": [
        20.977677683889606,
        17.281542118228266,
        14.888790410537778,
        13.568917829815907,
        11.559862420108313,
        12.358400300038635,
        7.795522112659944,
        6.400732418013495
    ],
    "dunnScores": [
        0.8040572994058984,
        0.6255849628095685,
        0.5318165138695002,
        0.531563494882934,
        0.4467819040932579,
        0.5312315764592488,
        0.3044787017514077,
        0.28886756402976715
    ]
}