{
    "silhoutteScores": [
        0.25699526082540675,
        0.2651150409727454,
        0.20630486188127573,
        0.26209652398927386,
        0.27269545612008467,
        0.2645250391865717,
        0.3149753810601805,
        0.26948865347492357,
        0.28969457877976434,
        0.3337713611491202,
        0.34086566496484805,
        0.3669134896569867,
        0.35242470523933217,
        0.38394081561125076,
        0.39946919334819175,
        0.39313411537387316,
        0.3916789795357114
    ],
    "dbIndexes": [
        17.510642066353622,
        21.769139038986708,
        31.481477522714833,
        26.418409392335068,
        23.47601953383247,
        21.240513880374845,
        26.470700186963274,
        23.83498140418905,
        31.3301362355292,
        23.331606198538708,
        26.77475328535371,
        22.564563398020542,
        28.783996626010474,
        19.235851469813582,
        18.386308272763358,
        24.092457835314768,
        22.14113761166584
    ],
    "elbows": [
        1762.4239273498217,
        1679.1162173707896,
        1563.4054078636423,
        1483.2159045588708,
        1366.5431746570682,
        1308.8751404073548,
        1219.0507214158913,
        1254.4074014287623,
        1179.717811644561,
        1076.462576920591,
        1022.510838361158,
        989.3268685354235,
        996.7584583171238,
        937.7359995901759,
        887.71490060714,
        875.6714948425034,
        872.9894454752042
    ],
    "dunnScores": [
        1.0685897033905432,
        0.6796567476910405,
        0.7181041513326127,
        0.7491754601571805,
        0.5211426494231477,
        0.5090440290840729,
        0.4439854557807945,
        0.4649419886836312,
        0.38272512717645624,
        0.36155541611009473,
        0.35401835945165444,
        0.33323124021181894,
        0.30827997091817594,
        0.3083699934671327,
        0.2813059638713256,
        0.25492330483952974,
        0.2655324121351947
    ]
}