{
    "silhoutteScores": [
        0.38634963796996385,
        0.3682179675455712,
        0,
        0.4265146645138317,
        0.4938317866333411,
        0.5438691517701975,
        0.5466730288082086,
        0.5589895676648036,
        0.5421727050606114,
        0.6104019584027826,
        0.5785494604684979,
        0,
        0.5964821077060107,
        0.5930172458238947,
        0.619410308800234,
        0.6682678581982522,
        0.6492600300877633
    ],
    "dbIndexes": [
        9.384252349242352,
        9.040742042219533,
        null,
        8.1537619255767,
        7.8088279177834945,
        6.609894907118244,
        8.388546316680042,
        10.372317707919931,
        13.680697108254009,
        11.26686836996837,
        12.553738179726887,
        null,
        16.14014046775005,
        15.049588301581721,
        14.914356294313617,
        11.178669292354533,
        16.71257840010445
    ],
    "elbows": [
        2449.9783702014192,
        2430.9085544884156,
        2294.0694430759754,
        2026.0602353724885,
        1684.292548200715,
        1370.9729185521055,
        1240.3687243955462,
        1206.1693564391455,
        1110.581130170356,
        909.598287600979,
        880.6309486680241,
        895.6930211969926,
        865.7335885588078,
        937.1340449629843,
        776.759772389416,
        619.1839709289211,
        662.5724638993399
    ],
    "dunnScores": [
        0.6123631542253195,
        0.5285957665877404,
        0.5623000485527642,
        0.4543732751400668,
        0.3172945616857517,
        0.2710748619954305,
        0.18243930089071783,
        0.13144463117551214,
        0.17274550821192106,
        0.0943973973217922,
        0.1293366230490533,
        0.10341833873912852,
        0.07687622260900702,
        0.07931077315481398,
        0.06395365625393157,
        0.056780038258963585,
        0.04505055860471766
    ]
}