{
    "silhoutteScores": [
        0.15062146617116706,
        0.19898385106003197,
        0.20857997380074017,
        0.21963732402275493,
        0.20333440849278112,
        0.2334790464751602,
        0.24285715127128693,
        0.2466805271725864,
        0.2430084557965525,
        0.27025938504557784,
        0.26446977203612293,
        0.26142184005813995,
        0.26348524157831277,
        0.28486252272314927,
        0.26717203330777045,
        0.28274263349849427,
        0.25582540623554256
    ],
    "dbIndexes": [
        39.32567383922866,
        32.458319647659714,
        34.69914042302893,
        42.223561156927886,
        35.479599963863,
        39.532818371055704,
        30.528938173696588,
        35.324062535171876,
        39.76696419464375,
        35.87249770553143,
        42.44660841460135,
        38.99016860965275,
        43.230379630151894,
        37.38973082621922,
        34.288628753434786,
        33.52417913823696,
        54.46792597705733
    ],
    "elbows": [
        3446.9249014385177,
        3227.2822035797244,
        2915.182184436258,
        2870.5238073232854,
        2789.29693399383,
        2461.5733776986863,
        2521.114286283858,
        2452.238191589388,
        2309.08218740916,
        2167.187289767389,
        2117.8349022907805,
        2243.866868708035,
        2158.967127045262,
        1966.8025887462427,
        2133.7950958327065,
        2016.7283258897576,
        1968.0749832959707
    ],
    "dunnScores": [
        1.1611808763802929,
        0.9891329373299522,
        0.7845181093762539,
        0.6700456064708936,
        0.7352591690878999,
        0.5752739574179977,
        0.48790793008196975,
        0.4897043966686882,
        0.47037136657916556,
        0.44436418852429904,
        0.4020709829463321,
        0.44761557412461495,
        0.39689695114371804,
        0.3897044668233465,
        0.3745725119866805,
        0.35945262939973815,
        0.37522328520819964
    ]
}