{
    "silhoutteScores": [
        0.02553945419967202,
        0.04654701081487895,
        0.05033448063812132,
        0.07579621723146975,
        0.08013357073647288,
        0.09054303418753912,
        0.11169859826158775,
        0.0984081401098762,
        0.10537310253377768,
        0.10671406896980072,
        0.1266605366516999,
        0.14047401688336686,
        0.13768917838609815,
        0.1315632544368461,
        0.13152591841878805,
        0.17060494859534645,
        0.1613585271287331
    ],
    "dbIndexes": [
        26.950424716108937,
        24.852268251257904,
        28.89379926034594,
        18.983676551315856,
        20.065819007750246,
        16.625567016885764,
        17.747619960256394,
        17.62789126081693,
        22.105148990945068,
        18.888851555859137,
        18.115302684942325,
        17.505446998160245,
        18.806195275024937,
        19.650019718973017,
        22.110602832686205,
        15.395415174960732,
        20.974072324307848
    ],
    "elbows": [
        3729.8159972874405,
        3658.6257072623084,
        3559.7705483671916,
        3537.757188277888,
        3483.138673346782,
        3421.8820269660264,
        3304.854243579048,
        3335.392714359728,
        3214.228353710493,
        3146.4356548896194,
        3211.572070294051,
        3097.8584497796523,
        3085.6023995062774,
        3089.0647618112935,
        3011.400991811039,
        2956.150302682159,
        2962.8829040123705
    ],
    "dunnScores": [
        1.4801668180771903,
        1.3677537943263822,
        1.2711570523320257,
        0.9316782973661253,
        0.9251515411424476,
        0.9310685524772996,
        0.931530897666708,
        0.9289853884551577,
        0.9731901642549823,
        0.9925433630758994,
        0.9275001064281267,
        0.9289062781206693,
        0.9330455655095025,
        0.9782480572012286,
        0.9720868724258345,
        0.9330808713420281,
        0.9343023917810815
    ]
}