{
    "silhoutteScores": [
        0.04947111480540749
    ],
    "dbIndexes": [
        22.08599842801159
    ],
    "elbows": [
        3687.6053053987384
    ],
    "dunnScores": [
        1.5997461854714135
    ]
}