{
    "silhoutteScores": [
        0.16759140903025924
    ],
    "dbIndexes": [
        37.23102343001432
    ],
    "elbows": [
        3351.8281955509883
    ],
    "dunnScores": [
        1.1469752557199637
    ]
}