{
    "silhoutteScores": [
        0.37666066728975267
    ],
    "dbIndexes": [
        8.989591377722368
    ],
    "elbows": [
        2479.354269685743
    ],
    "dunnScores": [
        0.6934186314309734
    ]
}