{
    "silhoutteScores": [
        0.23760028528414912
    ],
    "dbIndexes": [
        17.721976235861042
    ],
    "elbows": [
        1743.4500494857036
    ],
    "dunnScores": [
        1.0691558071333895
    ]
}