{
    "silhoutteScores": [
        0.1162699472258054,
        0.26524679975229803,
        0.3000601558769504,
        0.2983956903129582,
        0.38126939979853275,
        0.37788326145972506,
        0.39107777575712005,
        0.44189776313171636
    ],
    "dbIndexes": [
        22.024404984112284,
        16.892833349605493,
        16.175183790310555,
        16.29200892527441,
        13.936477338778733,
        14.610066580918495,
        12.218595652626947,
        11.766912522526706
    ],
    "elbows": [
        6085.424335664335,
        5064.006818181818,
        4560.785714285715,
        4195.470707070706,
        3634.4412698412702,
        3450.6538461538466,
        3185.8999999999996,
        2912.495238095238
    ],
    "dunnScores": [
        0.9309597343787698,
        0.7025006882455207,
        0.6896351382756217,
        0.6053811659192825,
        0.5009789243349073,
        0.5196859906855794,
        0.41625449237103934,
        0.4008257446447243
    ]
}