{
    "silhoutteScores": [
        0.45493040953008634,
        0.1951958644650871,
        0.2247197599534422,
        0.1706384690840525,
        0.20715732396862557,
        0.19034825916791176,
        0.15346556486918103,
        0.19213530979691015,
        0.14661222486277461,
        0.15996344369952972,
        0.23684676698093796,
        0.15214852920449198,
        0.1349253379774094,
        0.17282427845895357,
        0.13244915273131147,
        0.21410018495947422,
        0.20587410684224314
    ],
    "dbIndexes": [
        6.514327823692852,
        7.310337885423981,
        7.775391811072739,
        8.692284692346796,
        9.418504422178462,
        7.2805743608322375,
        7.790454486168725,
        8.427235766334942,
        6.972909542760001,
        7.545371476828937,
        7.927664219091635,
        6.574481315338054,
        7.116689851937534,
        7.515497789149918,
        8.031623433026418,
        8.064449802952394,
        8.572244159562882
    ],
    "elbows": [
        43118.7009244592,
        40574.971311142916,
        40519.999442022774,
        39576.549149022845,
        38941.36870069307,
        37528.756409477835,
        36706.67019723338,
        37317.25305442961,
        36454.88103889321,
        35985.75996204507,
        38657.62841688806,
        35181.198137099964,
        34071.49192330129,
        35054.731143437806,
        33881.46521851922,
        36279.585727859165,
        36291.0249777789
    ],
    "dunnScores": [
        0.30038417544458945,
        0.397079731896221,
        0.2582612046193214,
        0.22147841451792546,
        0.24767323580028017,
        0.22493030390902005,
        0.19964020835831978,
        0.20816950629632522,
        0.21098907177708023,
        0.16927234808915353,
        0.2180158029981107,
        0.20022208187507176,
        0.16950474968972795,
        0.17166004996583864,
        0.14959435559978243,
        0.16680771021169855,
        0.16498773718531254
    ]
}