{
    "silhoutteScores": [
        0.8306493513764485,
        0.834812637866991,
        0.6940684478996016,
        0.5776745687802608,
        0.6408426115600081,
        0.653809196817625,
        0.4010282024872299,
        0.4070743286356586,
        0.39576679325913666,
        0.5870021972262665,
        0.5318263507582695,
        0.5382358596204307,
        0.523281675646084,
        0.3895484292291619,
        0.5050457965496332,
        0.40887134921286006,
        0
    ],
    "dbIndexes": [
        6.832218903140077,
        11.372081477386974,
        10.902404533789,
        10.532358178620532,
        10.360854779619897,
        11.695819135837061,
        11.19982158154814,
        11.727122989395514,
        11.034774838511057,
        10.890066145411142,
        11.952273156722791,
        11.199271390935516,
        10.63734612939215,
        10.969423811641773,
        10.854014771742513,
        10.56097615856347,
        null
    ],
    "elbows": [
        37896.78851161599,
        37675.713375221785,
        36451.94111255007,
        36124.93504283528,
        36310.77687887329,
        35876.105115334445,
        36119.862344666006,
        35260.624467208145,
        34181.41280322818,
        35263.39975285006,
        34446.17818660816,
        33685.73772571532,
        32644.04912554699,
        32703.48720168443,
        33418.36269241304,
        31924.627543572155,
        31584.652031164784
    ],
    "dunnScores": [
        0.11639681124834722,
        0.11204114879417809,
        0.10278758881490571,
        0.09799901442942237,
        0.10105664183799372,
        0.09715504741919463,
        0.09806496184219374,
        0.07636078588643937,
        0.08834376170369161,
        0.09189613929126636,
        0.07627961874778075,
        0.07854500048067084,
        0.08194712988082664,
        0.08143471412254177,
        0.08387939136269551,
        0.06644251864925109,
        0.07378783858694045
    ]
}