{
    "silhoutteScores": [
        0.42671663871177795,
        0.2413335109262822,
        0.26894816706020985,
        0.2683359554562096,
        0.2469065596126925,
        0.2746991748833136,
        0.2627311716564574,
        0.27467963364363146,
        0.2640740731736375,
        0.25295833295397385,
        0.2365452000345761,
        0.22511290588793603,
        0.24465947094794968,
        0.25359119543963043,
        0.2030244111575086,
        0.2422588284299187,
        0.27174654279369953
    ],
    "dbIndexes": [
        3.2987263254779013,
        3.938182507143213,
        3.6227227589538735,
        3.507644114046863,
        4.58024222017238,
        4.667728721120264,
        5.880574055791175,
        4.531280504920117,
        4.917134283210297,
        4.534530372759879,
        5.638920441049273,
        4.822522463294798,
        5.229972509513257,
        5.161256294286559,
        5.641207423326028,
        5.1349389756630135,
        5.57956484567472
    ],
    "elbows": [
        32552.431165421352,
        30249.129511225867,
        28368.215565775885,
        27570.169511908065,
        26963.52138249162,
        27862.5653644534,
        26684.225321747213,
        25651.220891260873,
        25981.952584974497,
        26597.58440277574,
        25544.184996711418,
        25400.322437505693,
        24874.782146512756,
        23675.294089878294,
        26072.068191981412,
        24521.553086835822,
        23471.786599516734
    ],
    "dunnScores": [
        0.32776210428845587,
        0.29281325681087605,
        0.1926928395369518,
        0.18156183762573866,
        0.16043684224042976,
        0.16212047988229372,
        0.15938797580331196,
        0.14730851626600905,
        0.1498138341388117,
        0.15013431836781801,
        0.1536598537505211,
        0.15073335761963924,
        0.14373550920650452,
        0.12909379150419445,
        0.14656059676728786,
        0.13576154802301835,
        0.12999251479418916
    ]
}